Matrice,Dimensione (N),Tempo (s),Errore relativo,Memoria (MB)
ex15,6867,0.01743256430371,5.82987100334478e-07,0
cfd1,70656,1.37709695111706,8.37807166527461e-14,0
shallow_water1,81920,0.186942244035396,2.33917024504012e-16,0
cfd2,123440,3.03035368359018,3.196000822697e-13,3.79296875
parabolic_fem,525825,1.93315187775253,1.0379388528546e-12,12.06640625
apache2,715176,7.3019183941919,4.06564130751417e-11,16.40625
G3_circuit,1585478,10.9685888952564,3.26799107148603e-12,36.33203125
