Matrice,Dimensione (N),Tempo (s),Errore relativo,Memoria (MB)
ex15,6867,0.0098678,5.82987100334478e-07,0
cfd1,70656,1.2574058,8.37807166527461e-14,0
shallow_water1,81920,0.1684743,2.33917024504012e-16,0
cfd2,123440,3.3678147,3.196000822697e-13,8.5234375
parabolic_fem,525825,1.6972462,1.0379388528546e-12,4.03125
apache2,715176,7.1174722,4.06564130751417e-11,5.47265625
G3_circuit,1585478,11.6487932,3.26799107148603e-12,12.08984375
